{
  "ChimeJobName": "AutomatedChimeJob",
  "ChimeDataSetPath": "\\\\lvsdevnas10.consilioTest.com\\ice_datasets\\Transfer\\Forensics_Test_Data\\ChimeV3\\tunckirl - chime.zip",
  "Timezone": "(UTC-10:00) Aleutian Islands",
  "CustodianName": "Guru",
  "Prefix": "Automation",
  "ZeroPadding": "8",
  "StartingNumber": "1",
  "SplitsPerDay": true,
  "SingleItem": false,
  "ConversationGap": true,
  "ConversationGapSlider": 32,
  "ExportMasterThreads": true,
  "PresentLargeRecipientsFile": true,
  "RecipientLimit": 100,
  "ExportFormat": "HTML"
}