﻿<?xml version="1.0" encoding="UTF-8"?>
<extentreports>
	<configuration>
		<!-- report theme -->
		<!-- standard, dark -->
		<theme>standard</theme>

		<!-- document encoding -->
		<!-- defaults to UTF-8 -->
		<encoding>UTF-8</encoding>

		<!-- protocol for script and stylesheets -->
		<!-- defaults to https -->
		<protocol>http</protocol>

		<!-- title of the document -->
		<documentTitle>ICE Automation</documentTitle>

		<!-- report name - displayed at top-nav -->
		<reportName>
			<![CDATA[
            <img src='.//Consilio.png' />
        ]]>
		</reportName>

		<!-- location of charts in the test view -->
		<!-- top, bottom -->
		<testViewChartLocation>bottom</testViewChartLocation>

		<!-- custom javascript -->
		<scripts>
			<![CDATA[
                $(document).ready(function() {                   
                });
            ]]>
		</scripts>

		<!-- custom styles -->
		<styles>
			<![CDATA[
            .report-name > img { float:left;height: 100%;margin-left: 30px;margin-top: 2px;width: auto; }
        ]]>
		</styles>
	</configuration>
</extentreports>