{
  "MsTeamsJobName": "AutomatedTeamsJob",
  "TeamsDataSetPath": "\\\\lvsdevnas10.consilioTest.com\\ice_datasets\\Transfer\\Forensics_Test_Data\\Teams\\OneDrive_2021-10-22.zip",
  "TeamsOutputDataPath": "\\\\lvsdevnas10.consilioTest.com\\ice_datasets\\Transfer\\Export",
  "Timezone": "(UTC-10:00) Aleutian Islands",
  "AutomaticAssignmentofCustodian": true,
  "CustodianName": "Guru",
  "OwnerDisplayName": "Guru",
  "Prefix": "Automation",
  "ZeroPadding": "8",
  "StartingNumber": "1",
  "SplitsPerDay": true,
  "SingleItem": false,
  "ConversationGap": true,
  "ConversationGapSlider": 32,
  "ExportMasterThreads": true,
  "PresentLargeRecipientsFile": true,
  "RecipientLimit": 100,
  "ExportFormat": "HTML"
}